sequence,count,cluster_id
ATCGATCGATCGATCGATCGATCG,100,1
AAATTTCCCGGGAAATTTCCCGGG,200,0
GCGCGCGCGCGCGCGCGCGCGCGC,150,2
ATCGATCGATCGATCGATCGATCA,95,1
ATCGATCGATCGATCGATCGATCT,105,1
GCTAGCTAGCTAGCTAGCTAGCTA,80,2
TCGTCGTCGTCGTCGTCGTCGTCG,120,2
AGCTACGTACGTACGTACGTACGT,110,2
TTTTAAAAAATTTTAAAAAA,75,0
CCCCCGGGGGCCCCCGGGGG,90,0
ATATAATATAATATAATATAAT,85,2
CGCGCGCGCGCGCGCGCGCG,115,2
ACGTACGTACGTACGTACGT,130,2
TGCATGCATGCATGCATGCA,125,2
AACCGGTTAACCGGTTAACC,140,-1
GGTAACCGGTAACCGGTAAC,135,2
CATGCATGCATGCATGCATG,155,2
GTACGTACGTACGTACGTAC,145,2
TTCGAATTCGAATTCGAAT,165,1
GGCCTTAAGGCCTTAAGGCC,175,0
